<?xml version="1.0" encoding="UTF-8"?>
<!--UGC_VERSION = 1024-->
<XML_DOCUMENT xmlns:SOAP-ENC="http://schemas.xmlsoap.org/soap/encoding/">
    <PTC_HEADER>
        <VENDOR>Parametric Technology Corporation</VENDOR>
        <PRODUCT>Creo Parametric 3802021072</PRODUCT>
        <XML_VERSION>1.0</XML_VERSION>
        <HOST_NAME>d-iksy5mrxc1</HOST_NAME>
        <USER>nhanhoang</USER>
        <MACHINE_TYPE> AMD64 Family 23 Model 49 Stepping 0  AuthenticAMD  3493 MHz</MACHINE_TYPE>
    </PTC_HEADER>
    <zip_manifest_info pointer="TRUE" proe_version="1968" top_model_wname="TIMECARD_BRACKET_V4.DRW"/>
</XML_DOCUMENT>
